WORD_ID,VOCAB_WORD
0,http
1,use
2,list
3,email
4,get
5,mail
6,one
7,free
8,time
9,work
10,messag
11,make
12,like
13,would
14,peopl
15,inform
16,new
17,receiv
18,pleas
19,address
20,busi
21,click
22,want
23,us
24,need
25,order
26,remov
27,also
28,go
29,year
30,send
31,money
32,file
33,compani
34,system
35,name
36,report
37,wrote
38,way
39,user
40,look
41,site
42,chang
43,day
44,state
45,know
46,program
47,may
48,see
49,call
50,could
51,group
52,even
53,think
54,includ
55,linux
56,first
57,offer
58,take
59,say
60,servic
61,right
62,world
63,tri
64,help
65,find
66,market
67,internet
68,product
69,mani
70,much
71,home
72,said
73,softwar
74,web
75,problem
76,date
77,line
78,spam
79,start
80,check
81,number
82,run
83,good
84,thing
85,link
86,well
87,subject
88,phone
89,interest
90,govern
91,person
92,provid
93,set
94,today
95,come
96,give
97,best
98,million
99,server
100,follow
101,back
102,form
103,rate
104,month
105,everi
106,secur
107,gener
108,price
109,url
110,still
111,comput
112,packag
113,instal
114,avail
115,sent
116,code
117,commun
118,life
119,version
120,read
121,sinc
122,ad
123,grant
124,maintain
125,sponsor
126,thank
127,network
128,credit
129,two
130,differ
131,without
132,made
133,develop
134,support
135,within
136,week
137,write
138,save
139,realli
140,case
141,page
142,subscript
143,someth
144,irish
145,current
146,un
147,last
148,anyon
149,onlin
150,complet
151,sure
152,card
153,seem
154,requir
155,build
156,custom
157,manag
158,never
159,de
160,ilug
161,better
162,window
163,special
164,keep
165,point
166,ca
167,place
168,search
169,anoth
170,per
171,found
172,access
173,actual
174,repli
175,result
176,contact
177,question
178,part
179,base
180,futur
181,listmast
182,issu
183,old
184,put
185,wish
186,next
187,long
188,let
189,countri
190,live
191,hour
192,must
193,end
194,invest
195,easi
196,mean
197,process
198,unsubscrib
199,lot
200,unit
201,great
202,got
203,guarante
204,technolog
205,nation
206,account
207,show
208,might
209,power
210,releas
211,legal
212,cost
213,data
214,allow
215,sourc
216,success
217,news
218,engin
219,possibl
220,trade
221,profession
222,idea
223,increas
224,post
225,ask
226,pay
227,advertis
228,public
229,error
230,open
231,test
232,websit
233,opportun
234,real
235,sell
236,ever
237,less
238,insur
239,respons
240,plan
241,design
242,tell
243,visit
244,creat
245,word
246,buy
247,howev
248,reason
249,prefer
250,heaven
251,effect
252,someon
253,aug
254,cd
255,sale
256,law
257,improv
258,applic
259,instead
260,around
261,fact
262,least
263,box
264,dollar
265,ye
266,rpm
267,american
268,fix
269,job
270,copi
271,probabl
272,simpl
273,cours
274,origin
275,believ
276,contain
277,fax
278,move
279,type
280,happen
281,friend
282,though
283,littl
284,total
285,financi
286,share
287,welcom
288,request
289,add
290,exampl
291,abl
292,els
293,client
294,format
295,perl
296,anyth
297,valu
298,simpli
299,alway
300,high
301,alreadi
302,fill
303,protect
304,full
305,cash
306,feel
307,mailto
308,directori
309,import
310,bit
311,regard
312,purchas
313,stop
314,signatur
315,licens
316,note
317,polici
318,experi
319,intern
320,answer
321,exist
322,return
323,updat
324,learn
325,past
326,famili
327,info
328,sep
329,top
330,geek
331,becom
332,ship
333,act
334,age
335,lead
336,instruct
337,drive
338,small
339,suppli
340,second
341,control
342,member
343,databas
344,select
345,thousand
346,low
347,recent
348,incom
349,featur
350,citi
351,etc
352,stuff
353,minut
354,limit
355,sever
356,done
357,industri
358,turn
359,yet
360,folder
361,appli
362,tool
363,continu
364,understand
365,detail
366,c
367,guid
368,everyth
369,noth
370,step
371,exmh
372,notic
373,oper
374,enough
375,claim
376,big
377,care
378,sign
379,e
380,caus
381,letter
382,univers
383,larg
384,key
385,three
386,hard
387,thinkgeek
388,other
389,connect
390,bill
391,record
392,thu
393,discuss
394,accept
395,term
396,pgp
397,specif
398,offic
399,via
400,play
401,talk
402,option
403,text
404,america
405,mayb
406,direct
407,immedi
408,deal
409,download
410,major
411,seen
412,hope
413,forc
414,subscrib
415,comment
416,kind
417,thought
418,individu
419,decid
420,rule
421,log
422,lose
423,plu
424,natur
425,method
426,matter
427,true
428,risk
429,either
430,yahoo
431,rememb
432,assist
433,content
434,quot
435,rather
436,present
437,mime
438,away
439,wait
440,r
441,bank
442,kernel
443,fund
444,hand
445,local
446,project
447,secret
448,hundr
449,loan
450,level
451,matthia
452,train
453,corpor
454,research
455,consid
456,razor
457,area
458,book
459,forward
460,august
461,addit
462,root
463,stori
464,machin
465,polit
466,target
467,benefit
468,standard
469,bad
470,quit
471,war
472,entir
473,suggest
474,appear
475,document
476,copyright
477,presid
478,global
479,bodi
480,author
481,bug
482,often
483,posit
484,expect
485,distribut
486,mind
487,center
488,human
489,juli
490,septemb
491,grow
492,jul
493,ago
494,hit
495,qualiti
496,trust
497,size
498,partner
499,easili
500,island
501,absolut
502,love
503,agent
504,whether
505,pm
506,activ
507,join
508,b
509,given
510,involv
511,solut
512,collect
513,amount
514,happi
515,associ
516,fast
517,charg
518,domain
519,promot
520,man
521,whole
522,dvd
523,earn
524,far
525,sort
526,parti
527,fork
528,later
529,hi
530,feder
531,submit
532,upon
533,mortgag
534,potenti
535,wed
536,meet
537,refer
538,wrong
539,nice
540,enter
541,tm
542,load
543,singl
544,transact
545,publish
546,almost
547,john
548,social
549,econom
550,wonder
551,red
552,discov
553,reach
554,everyon
555,close
556,view
557,fail
558,execut
559,pass
560,sound
561,depend
562,privat
563,profit
564,women
565,perform
566,attack
567,broadcast
568,newslett
569,relat
570,paid
571,automat
572,contract
573,effort
574,statement
575,media
576,delet
577,mark
578,foreign
579,begin
580,compil
581,final
582,sequenc
583,regist
584,miss
585,spamassassin
586,bush
587,figur
588,cell
589,x
590,handl
591,stock
592,command
593,header
594,locat
595,action
596,similar
597,display
598,tuesday
599,game
600,pick
601,transfer
602,templ
603,hat
604,disk
605,wo
606,chri
607,digit
608,produc
609,soon
610,event
611,known
612,track
613,print
614,articl
615,longer
616,tax
617,properti
618,function
619,pretti
620,mention
621,toner
622,men
623,store
624,default
625,commiss
626,dear
627,pc
628,debt
629,hous
630,oblig
631,respect
632,microsoft
633,sun
634,upgrad
635,organ
636,due
637,script
638,enenkio
639,bulk
640,imag
641,payment
642,weight
643,administr
644,health
645,along
646,freedom
647,daili
648,bonu
649,net
650,practic
651,capit
652,propos
653,worth
654,cartridg
655,billion
656,offici
657,half
658,usa
659,languag
660,resourc
661,strategi
662,came
663,anyway
664,late
665,leav
666,platform
667,concern
668,exactli
669,street
670,remain
671,clear
672,assum
673,html
674,devic
675,car
676,lost
677,tire
678,review
679,la
680,ok
681,ignor
682,tue
683,interact
684,head
685,hear
686,went
687,respond
688,taken
689,tablet
690,deliv
691,independ
692,bring
693,clean
694,configur
695,perhap
696,compar
697,qualifi
698,averag
699,fine
700,space
701,watch
702,press
703,invok
704,recommend
705,short
706,expens
707,school
708,retail
709,fee
710,n
711,fall
712,memori
713,host
714,membership
715,enabl
716,field
717,huge
718,consult
719,guess
720,usual
721,extrem
722,xml
723,edit
724,suit
725,choos
726,common
727,advantag
728,warn
729,agre
730,except
731,port
732,en
733,region
734,materi
735,normal
736,abil
737,educ
738,side
739,basic
740,fri
741,announc
742,cheer
743,paper
744,drop
745,five
746,told
747,although
748,guy
749,le
750,dream
751,item
752,growth
753,hold
754,readi
755,vulner
756,main
757,spend
758,electron
759,confidenti
760,win
761,model
762,replac
763,face
764,left
765,interfac
766,unseen
767,studi
768,mon
769,loss
770,altern
771,reserv
772,accord
773,safe
774,intend
775,kingdom
776,choic
777,approv
778,implement
779,rest
780,id
781,multipl
782,histori
783,oz
784,situat
785,commerci
786,extra
787,moment
788,insid
789,investig
790,togeth
791,combin
792,quick
793,employ
794,section
795,chanc
796,purpos
797,initi
798,coupl
799,pictur
800,msg
801,confirm
802,advanc
803,goe
804,j
805,across
806,monday
807,break
808,court
809,avoid
810,unless
811,util
812,burn
813,particular
814,fals
815,object
816,energi
817,express
818,score
819,male
820,video
821,et
822,societi
823,india
824,took
825,owner
826,indic
827,count
828,p
829,sens
830,correct
831,directli
832,speed
833,agenc
834,filter
835,profil
836,anywher
837,variou
838,procedur
839,four
840,die
841,uniqu
842,seek
843,ventur
844,match
845,period
846,black
847,gpl
848,especi
849,sex
850,consum
851,piec
852,kevin
853,behalf
854,whatev
855,certain
856,spammer
857,investor
858,knowledg
859,popul
860,setup
861,adam
862,explain
863,color
864,class
865,cut
866,oh
867,tip
868,gain
869,remot
870,latest
871,atol
872,unison
873,militari
874,dagga
875,ftp
876,block
877,south
878,marshal
879,gari
880,googl
881,unix
882,lawrenc
883,tv
884,patch
885,switch
886,smoke
887,valuabl
888,shop
889,establish
890,team
891,imagin
892,ragga
893,aaaaaaaaaaaaaaaaaaaaaaaaaaaaaaaaaaaaaaaaaaaaaaaaaaaaaaaaaaaaaaaaaaaaaaaaaaaa
894,java
895,integr
896,prevent
897,robert
898,boot
899,third
900,attempt
901,prepar
902,will
903,folk
904,particip
905,privaci
906,sorri
907,sometim
908,hardwar
909,necessari
910,manual
911,heard
912,screen
913,york
914,saou
915,reduc
916,bottl
917,tag
918,congress
919,night
920,fastest
921,sa
922,china
923,certainli
924,enjoy
925,backup
926,cover
927,suppos
928,stand
929,valid
930,depart
931,mass
932,obtain
933,seriou
934,driver
935,regul
936,goal
937,alb
938,path
939,lower
940,amaz
941,botan
942,competit
943,capabl
944,h
945,fulli
946,speak
947,land
948,promis
949,poor
950,medic
951,extend
952,traffic
953,lowest
954,apolog
955,introduc
956,scienc
957,deathtospamdeathtospamdeathtospam
958,defin
959,movi
960,describ
961,paul
962,titl
963,troubl
964,cv
965,exchang
966,film
967,neg
968,easier
969,sender
970,decis
971,os
972,f
973,rang
974,osdn
975,wireless
976,death
977,approach
978,technic
979,earli
980,six
981,predict
982,murphi
983,beberg
984,quickli
985,commit
986,white
987,written
988,fortun
989,redhat
990,fat
991,kill
992,sold
993,telephon
994,king
995,im
996,worri
997,music
998,michael
999,judgment
1000,firm
1001,mobil
1002,uk
1003,apt
1004,seventh
1005,ham
1006,opinion
1007,north
1008,attach
1009,father
1010,ensur
1011,desir
1012,economi
1013,premium
1014,librari
1015,faster
1016,definit
1017,player
1018,argument
1019,button
1020,appar
1021,achiev
1022,archiv
1023,adult
1024,separ
1025,bar
1026,enterpris
1027,travel
1028,techniqu
1029,threat
1030,cooper
1031,demand
1032,deserv
1033,board
1034,browser
1035,hello
1036,condit
1037,anim
1038,outsid
1039,modul
1040,dave
1041,attent
1042,enhanc
1043,terrorist
1044,stay
1045,wide
1046,david
1047,estat
1048,elimin
1049,repres
1050,cabl
1051,drug
1052,virtual
1053,determin
1054,children
1055,pain
1056,expert
1057,wall
1058,modifi
1059,washington
1060,gnupg
1061,monthli
1062,sincer
1063,environ
1064,declar
1065,held
1066,kid
1067,permiss
1068,signific
1069,danger
1070,fun
1071,iii
1072,l
1073,relev
1074,w
1075,confid
1076,g
1077,cat
1078,air
1079,canada
1080,programm
1081,diet
1082,sum
1083,rich
1084,cc
1085,equip
1086,exclus
1087,none
1088,popular
1089,proven
1090,forev
1091,bottom
1092,bitbitch
1093,justin
1094,excel
1095,paragraph
1096,usd
1097,expand
1098,central
1099,factor
1100,skip
1101,sexual
1102,centuri
1103,friday
1104,string
1105,identifi
1106,relationship
1107,anybodi
1108,near
1109,monitor
1110,challeng
1111,toward
1112,terror
1113,behind
1114,appreci
1115,excit
1116,asset
1117,director
1118,exercis
1119,confer
1120,girl
1121,perfect
1122,whose
1123,unsolicit
1124,defens
1125,rh
1126,progress
1127,discoveri
1128,citizen
1129,rais
1130,among
1131,sampl
1132,hettinga
1133,difficult
1134,west
1135,fit
1136,road
1137,rel
1138,thread
1139,illeg
1140,spain
1141,photo
1142,colleg
1143,intellig
1144,lender
1145,partit
1146,entri
1147,serv
1148,earth
1149,william
1150,seri
1151,strong
1152,octob
1153,confus
1154,reader
1155,chief
1156,acquir
1157,solv
1158,tie
1159,largest
1160,refin
1161,stupid
1162,smart
1163,fair
1164,verifi
1165,instant
1166,tree
1167,measur
1168,european
1169,san
1170,extract
1171,mode
1172,french
1173,built
1174,regular
1175,equival
1176,sweet
1177,peac
1178,mac
1179,laptop
1180,slow
1181,procmail
1182,conveni
1183,oct
1184,reliabl
1185,resid
1186,lock
1187,brian
1188,datapow
1189,suse
1190,inlin
1191,categori
1192,dead
1193,tradit
1194,africa
1195,tim
1196,graphic
1197,warranti
1198,front
1199,ident
1200,cach
1201,voic
1202,deliveri
1203,leader
1204,europ
1205,pattern
1206,realiz
1207,femal
1208,evid
1209,capillari
1210,emerg
1211,annuiti
1212,ten
1213,useless
1214,gnu
1215,compat
1216,campaign
1217,occur
1218,statu
1219,fire
1220,art
1221,desktop
1222,gift
1223,abus
1224,cultur
1225,therefor
1226,young
1227,physic
1228,satellit
1229,higher
1230,concept
1231,herba
1232,previous
1233,revenu
1234,institut
1235,walk
1236,inde
1237,june
1238,aid
1239,thursday
1240,deposit
1241,launch
1242,convers
1243,brand
1244,contribut
1245,ms
1246,concentr
1247,nigeria
1248,degre
1249,roll
1250,otherwis
1251,doubt
1252,former
1253,pacif
1254,forget
1255,background
1256,compet
1257,indian
1258,arriv
1259,honor
1260,yeah
1261,repositori
1262,carri
1263,echo
1264,wife
1265,weapon
1266,classifi
1267,unlimit
1268,conflict
1269,affili
1270,recipi
1271,critic
1272,token
1273,listen
1274,fight
1275,app
1276,unfortun
1277,surpris
1278,isp
1279,sat
1280,extens
1281,percent
1282,password
1283,powel
1284,discount
1285,tech
1286,storag
1287,water
1288,hermio
1289,sit
1290,jabber
1291,effici
1292,detect
1293,assur
1294,hot
1295,basi
1296,succeed
1297,civil
1298,sleep
1299,intro
1300,panel
1301,substanti
1302,garrigu
1303,output
1304,printer
1305,kept
1306,alsa
1307,pull
1308,mine
1309,ip
1310,worldwid
1311,descript
1312,light
1313,tabl
1314,inc
1315,proprietari
1316,menu
1317,enemi
1318,catch
1319,scan
1320,attract
1321,jm
1322,v
1323,joe
1324,revers
1325,saw
1326,disabl
1327,god
1328,index
1329,pudg
1330,truth
1331,wednesday
1332,advic
1333,nobodi
1334,vendor
1335,manufactur
1336,structur
1337,patent
1338,agreement
1339,euro
1340,analysi
1341,gone
1342,seven
1343,specifi
1344,morn
1345,franc
1346,decad
1347,vote
1348,jame
1349,teach
1350,alon
1351,cool
1352,room
1353,lack
1354,balanc
1355,k
1356,boston
1357,california
1358,editor
1359,obvious
1360,wast
1361,awar
1362,charact
1363,whitelist
1364,gold
1365,treat
1366,zip
1367,innov
1368,polic
1369,construct
1370,u
1371,clue
1372,insert
1373,tom
1374,highli
1375,temperatur
1376,trick
1377,financ
1378,ga
1379,journal
1380,career
1381,theori
1382,spec
1383,incred
1384,middl
1385,afford
1386,son
1387,int
1388,impress
1389,constitut
1390,greater
1391,encourag
1392,gcc
1393,ultim
1394,touch
1395,flag
1396,correspond
1397,ebay
1398,brain
1399,anymor
1400,cent
1401,peni
1402,attorney
1403,usag
1404,jim
1405,greg
1406,blood
1407,hp
1408,larger
1409,annual
1410,mechan
1411,boy
1412,input
1413,blank
1414,trial
1415,master
1416,mother
1417,dan
1418,previou
1419,summari
1420,wake
1421,hate
1422,mike
1423,suffer
1424,stream
1425,urgent
1426,cbyi
1427,el
1428,democrat
1429,pound
1430,advis
1431,focu
1432,cheap
1433,perman
1434,speech
1435,mostli
1436,skeptic
1437,smtp
1438,suspect
1439,judg
1440,flow
1441,php
1442,underwrit
1443,particularli
1444,varieti
1445,star
1446,mistak
1447,wealth
1448,vacat
1449,dynam
1450,instanc
1451,percentag
1452,behavior
1453,obviou
1454,delay
1455,dark
1456,toni
1457,binari
1458,comfort
1459,eye
1460,keyboard
1461,republ
1462,destruct
1463,earlier
1464,super
1465,warm
1466,firewal
1467,laserjet
1468,affect
1469,channel
1470,rick
1471,mailer
1472,ireland
1473,termin
1474,woman
1475,arm
1476,reveal
1477,ban
1478,rock
1479,telecom
1480,char
1481,essenti
1482,rss
1483,knew
1484,english
1485,tend
1486,consolid
1487,heart
1488,se
1489,motiv
1490,steve
1491,domest
1492,btw
1493,prospect
1494,principl
1495,recogn
1496,alli
1497,vipul
1498,skill
1499,floppi
1500,consist
1501,pack
1502,lawyer
1503,beta
1504,highlight
1505,style
1506,estim
1507,core
1508,prompt
1509,wing
1510,dell
1511,gnome
1512,eventu
1513,somewher
1514,invit
1515,unlik
1516,lifetim
1517,nearli
1518,opt
1519,pipe
1520,defend
1521,magazin
1522,bonus
1523,ftoc
1524,staff
1525,sensit
1526,planta
1527,comprehens
1528,vehicl
1529,task
1530,beat
1531,role
1532,fl
1533,modern
1534,ground
1535,python
1536,map
1537,despit
1538,babi
1539,dn
1540,teledynam
1541,eat
1542,modem
1543,clearli
1544,march
1545,pocket
1546,roman
1547,hair
1548,histor
1549,audio
1550,restor
1551,biggest
1552,food
1553,picasso
1554,strongli
1555,fresh
1556,convert
1557,eval
1558,strength
1559,favor
1560,complianc
1561,revis
1562,bind
1563,impact
1564,commentari
1565,suck
1566,minimum
1567,met
1568,senior
1569,mlm
1570,coverag
1571,shown
1572,config
1573,interview
1574,exploit
1575,conserv
1576,british
1577,peter
1578,dragon
1579,doctor
1580,instantli
1581,gave
1582,beyond
1583,equal
1584,permit
1585,font
1586,failur
1587,everybodi
1588,mile
1589,mailbox
1590,texa
1591,truli
1592,protocol
1593,dont
1594,stabl
1595,liber
1596,employe
1597,spot
1598,visa
1599,q
1600,synchron
1601,tape
1602,reli
1603,brought
1604,tx
1605,consider
1606,typic
1607,auto
1608,signal
1609,optim
1610,dial
1611,al
1612,proper
1613,draw
1614,showcas
1615,worst
1616,led
1617,translat
1618,revok
1619,exact
1620,variabl
1621,chines
1622,crash
1623,calcul
1624,startup
1625,geeg
1626,distanc
1627,expir
1628,evil
1629,annoy
1630,broker
1631,imposs
1632,favorit
1633,crimin
1634,prove
1635,spent
1636,hidden
1637,plant
1638,boss
1639,neighbor
1640,stylu
1641,extern
1642,finish
1643,yesterday
1644,repair
1645,sir
1646,feet
1647,sole
1648,acknowledg
1649,rare
1650,z
1651,strang
1652,ran
1653,pop
1654,bigger
1655,foundat
1656,retriev
1657,bearer
1658,artist
1659,netscap
1660,guidelin
1661,poverti
1662,hell
1663,scientist
1664,hotel
1665,planet
1666,edward
1667,equiti
1668,autom
1669,somebodi
1670,england
1671,beauti
1672,serious
1673,rob
1674,hack
1675,properli
1676,safeti
1677,portion
1678,rebuild
1679,evalu
1680,sport
1681,lie
1682,hire
1683,sunday
1684,restrict
1685,gentl
1686,bell
1687,iiu
1688,correctli
1689,summer
1690,jump
1691,prescript
1692,spread
1693,climat
1694,minor
1695,strip
1696,push
1697,explor
1698,ii
1699,antiqu
1700,scheme
1701,chicago
1702,station
1703,epson
1704,mount
1705,entertain
1706,vou
1707,shape
1708,lo
1709,currenc
1710,primari
1711,becam
1712,para
1713,threaten
1714,fundament
1715,diseas
1716,student
1717,radio
1718,headlin
1719,recruit
1720,hang
1721,spamd
1722,herb
1723,proxi
1724,laser
1725,architectur
1726,seed
1727,merchant
1728,protest
1729,craig
1730,husband
1731,mainten
1732,resum
1733,damag
1734,happier
1735,recal
1736,remedi
1737,sendmail
1738,feroc
1739,viagra
1740,van
1741,disclaim
1742,stick
1743,settlement
1744,exit
1745,corpu
1746,muscl
1747,doubl
1748,buyer
1749,plug
1750,prioriti
1751,vast
1752,disappear
1753,ticket
1754,green
1755,creativ
1756,faith
1757,feedback
1758,hall
1759,georg
1760,prior
1761,laugh
1762,reg
1763,somehow
1764,fantasi
1765,wors
1766,ssh
1767,moor
1768,luck
1769,camera
1770,dozen
1771,western
1772,angl
1773,aspect
1774,usb
1775,bother
1776,feed
1777,supplement
1778,oil
1779,hormon
1780,reject
1781,batteri
1782,child
1783,tel
1784,seminar
1785,broken
1786,realiti
1787,pour
1788,anonym
1789,symbol
1790,kathmandu
1791,norton
1792,shot
1793,allianc
1794,shall
1795,arrang
1796,doc
1797,convent
1798,substanc
1799,parent
1800,appeal
1801,authent
1802,argu
1803,committe
1804,entrepreneur
1805,eugen
1806,perfectli
1807,encrypt
1808,democraci
1809,acceler
1810,convinc
1811,sponsorship
1812,electr
1813,à
1814,phrase
1815,shock
1816,serial
1817,statist
1818,park
1819,funni
1820,neither
1821,mozilla
1822,legitim
1823,slightli
1824,random
1825,observ
1826,door
1827,edg
1828,appropri
1829,nort
1830,resolv
1831,refund
1832,auction
1833,meant
1834,hey
1835,highest
1836,merg
1837,award
1838,ie
1839,barcelona
1840,edificio
1841,solari
1842,east
1843,frame
1844,queri
1845,strictli
1846,empir
1847,aphrodisia
1848,surviv
1849,smaller
1850,stabil
1851,fear
1852,tomorrow
1853,volum
1854,hunt
1855,union
1856,kelli
1857,capac
1858,bear
1859,daniel
1860,postal
1861,lesson
1862,carrier
1863,damn
1864,survey
1865,pressur
1866,repeat
1867,arrest
1868,weekend
1869,bought
1870,banner
1871,twice
1872,amend
1873,owen
1874,trip
1875,farquhar
1876,pablo
1877,fairli
1878,aggress
1879,odd
1880,mason
1881,te
1882,alter
1883,strike
1884,herbal
1885,mr
1886,virus
1887,declin
1888,harm
1889,zero
1890,cancel
1891,race
1892,complain
1893,prosaka
1894,compon
1895,inbox
1896,promiscu
1897,testimoni
1898,cold
1899,violat
1900,nt
1901,januari
1902,duplic
1903,winner
1904,easiest
1905,ah
1906,gmt
1907,appl
1908,exclud
1909,licenc
1910,welch
1911,reduct
1912,debian
1913,formula
1914,honest
1915,round
1916,audienc
1917,mh
1918,scam
1919,nativ
1920,bunch
1921,deni
1922,algorithm
1923,mirror
1924,ratio
1925,vari
1926,hmm
1927,genet
1928,farm
1929,md
1930,pill
1931,viru
1932,blog
1933,spray
1934,bandwidth
1935,presum
1936,analyst
1937,precis
1938,approxim
1939,vjestika
1940,split
1941,gibbon
1942,brief
1943,partnership
1944,club
1945,gay
1946,label
1947,elsewher
1948,renew
1949,martin
1950,sea
1951,compens
1952,reboot
1953,iraq
1954,possess
1955,â
1956,tab
1957,bankruptci
1958,austin
1959,grand
1960,plugin
1961,buffer
1962,deploy
1963,lift
1964,weekli
1965,blue
1966,roger
1967,massiv
1968,dramat
1969,envelop
1970,porn
1971,saturday
1972,processor
1973,reward
1974,gordon
1975,invent
1976,mous
1977,msgid
1978,inspir
1979,religion
1980,ibm
1981,cancer
1982,engag
1983,flash
1984,fuck
1985,empti
1986,aol
1987,prohibit
1988,dig
1989,retir
1990,that
1991,environment
1992,adopt
1993,collabor
1994,rohit
1995,sm
1996,agreeabl
1997,ps
1998,infrastructur
1999,inconveni
2000,apart
2001,complex
2002,nvidia
2003,millionair
2004,writer
2005,anytim
2006,plenti
2007,harley
2008,thoma
2009,justic
2010,schedul
2011,conduct
2012,length
2013,shell
2014,northern
2015,solicit
2016,satisfi
2017,assembl
2018,african
2019,ministri
2020,cycl
2021,farmer
2022,clock
2023,swap
2024,henc
2025,own
2026,candid
2027,experienc
2028,rose
2029,enforc
2030,encount
2031,excess
2032,self
2033,onto
2034,acquisit
2035,bound
2036,distro
2037,rout
2038,img
2039,duncan
2040,mere
2041,began
2042,london
2043,deep
2044,registr
2045,televis
2046,newspap
2047,demonstr
2048,guido
2049,grab
2050,evolv
2051,conclud
2052,pointer
2053,famou
2054,elect
2055,minim
2056,attend
2057,russian
2058,domin
2059,kate
2060,homeown
2061,transform
2062,wholesal
2063,scale
2064,straight
2065,liter
2066,throw
2067,prosper
2068,chat
2069,lawsuit
2070,colleagu
2071,rank
2072,preserv
2073,buck
2074,murder
2075,glad
2076,toll
2077,wave
2078,niall
2079,context
2080,receipt
2081,unabl
2082,christian
2083,hors
2084,oppos
2085,boost
2086,mix
2087,religi
2088,valhalla
2089,crime
2090,da
2091,blame
2092,corrupt
2093,proof
2094,routin
2095,resel
2096,entiti
2097,remark
2098,attain
2099,russia
2100,co
2101,assert
2102,loop
2103,skin
2104,tune
2105,glm
2106,newsgroup
2107,paypal
2108,destroy
2109,scientif
2110,vircio
2111,icq
2112,habea
2113,brent
2114,abacha
2115,marshalles
2116,moral
2117,tast
2118,inkjet
2119,passphras
2120,replica
2121,asia
2122,webmast
2123,numer
2124,mathemat
2125,accur
2126,forest
2127,null
2128,po
2129,frequent
2130,embed
2131,visitor
2132,yield
2133,jar
2134,bless
2135,na
2136,mountain
2137,brother
2138,song
2139,rise
2140,chart
2141,throughout
2142,formal
2143,hint
2144,sheet
2145,bu
2146,hash
2147,ben
2148,joseph
2149,regardless
2150,column
2151,heavi
2152,yellow
2153,victim
2154,incompat
2155,pure
2156,aim
2157,town
2158,drink
2159,trace
2160,dog
2161,mess
2162,amateur
2163,limbo
2164,remind
2165,consequ
2166,logic
2167,bay
2168,labor
2169,branch
2170,freebsd
2171,pro
2172,chip
2173,classic
2174,coast
2175,exceed
2176,opposit
2177,adapt
2178,negoti
2179,smoker
2180,prize
2181,ladi
2182,worker
2183,satisfact
2184,privileg
2185,export
2186,imho
2187,que
2188,il
2189,violenc
2190,decemb
2191,syntax
2192,pars
2193,focus
2194,assign
2195,exhibit
2196,gambl
2197,crap
2198,felt
2199,joke
2200,est
2201,spirit
2202,topic
2203,spamtrap
2204,lib
2205,pa
2206,battl
2207,batch
2208,complic
2209,stage
2210,tremend
2211,cheaper
2212,byte
2213,circumst
2214,fan
2215,appoint
2216,specialist
2217,incorpor
2218,pursu
2219,stamp
2220,vice
2221,admit
2222,bet
2223,goto
2224,intel
2225,chairman
2226,sur
2227,gather
2228,boundari
2229,truck
2230,alan
2231,loos
2232,alert
2233,lover
2234,older
2235,florida
2236,unknown
2237,compress
2238,sophist
2239,affair
2240,liberti
2241,caught
2242,airlin
2243,entitl
2244,struggl
2245,dublin
2246,riaa
2247,jodi
2248,strengthen
2249,keyword
2250,unwant
2251,moder
2252,ui
2253,compel
2254,trivial
2255,kit
2256,okay
2257,album
2258,ownership
2259,surfac
2260,airport
2261,wear
2262,mastercard
2263,ved
2264,penni
2265,owe
2266,hole
2267,britain
2268,disclosur
2269,belief
2270,trend
2271,margin
2272,ideal
2273,pioneer
2274,transmiss
2275,australia
2276,muslim
2277,ahead
2278,sector
2279,maximum
2280,jack
2281,stress
2282,scott
2283,encod
2284,suffici
2285,reform
2286,mplayer
2287,lay
2288,outlook
2289,palestinian
2290,raw
2291,assumpt
2292,relay
2293,dice
2294,weather
2295,pickl
2296,weak
2297,wa
2298,timeout
2299,overal
2300,refus
2301,dump
2302,stephen
2303,marri
2304,adjust
2305,maker
2306,ice
2307,msn
2308,majesti
2309,tin
2310,ne
2311,propag
2312,debug
2313,chain
2314,wealthi
2315,captur
2316,influenc
2317,portabl
2318,hawaii
2319,magic
2320,egg
2321,schuman
2322,finger
2323,curv
2324,sentenc
2325,lilo
2326,session
2327,heck
2328,astronom
2329,dinosaur
2330,catalog
2331,trademark
2332,submiss
2333,patrick
2334,shout
2335,bone
2336,holiday
2337,depress
2338,spring
2339,endeavor
2340,explan
2341,admin
2342,ou
2343,frustrat
2344,vision
2345,retain
2346,weird
2347,mandat
2348,whatsoev
2349,crack
2350,silli
2351,gpg
2352,mysql
2353,randomli
2354,settl
2355,casino
2356,unusu
2357,virginia
2358,hacker
2359,scratch
2360,ram
2361,hospit
2362,tower
2363,bomb
2364,spambay
2365,speaker
2366,belong
2367,ar
2368,api
2369,inexpens
2370,ethic
2371,buri
2372,latter
2373,minist
2374,outstand
2375,intellectu
2376,corner
2377,circl
2378,besid
2379,movement
2380,fli
2381,rah
2382,francisco
2383,rapidli
2384,greatest
2385,proceed
2386,abandon
2387,ton
2388,intent
2389,tivo
2390,organis
2391,necessarili
2392,celebr
2393,plane
2394,twenti
2395,joint
2396,hide
2397,thirti
2398,germani
2399,pentium
2400,jeremi
2401,preced
2402,lean
2403,recognit
2404,ce
2405,openssl
2406,constant
2407,scholarship
2408,theme
2409,snore
2410,fuel
2411,formul
2412,expos
2413,ez
2414,xxx
2415,prob
2416,iroijlaplap
2417,igtt
2418,ir
2419,du
2420,relax
2421,armi
2422,conclus
2423,dr
2424,richard
2425,marriag
2426,framework
2427,wild
2428,season
2429,openssh
2430,jurisdict
2431,german
2432,forum
2433,bsd
2434,japan
2435,recov
2436,element
2437,harvest
2438,greet
2439,tweak
2440,arg
2441,maxim
2442,draft
2443,fp
2444,es
2445,une
2446,flight
2447,everywher
2448,notifi
2449,burner
2450,freez
2451,layer
2452,crazi
2453,bob
2454,anthoni
2455,telecommun
2456,pleasur
2457,dedic
2458,murjel
2459,potent
2460,fashion
2461,trader
2462,angel
2463,leas
2464,till
2465,distributor
2466,raid
2467,magnitud
2468,contest
2469,con
2470,invalid
2471,milter
2472,render
2473,tobacco
2474,asian
2475,subsequ
2476,scope
2477,maxaman
2478,pci
2479,advisor
2480,shoot
2481,zone
2482,scenario
2483,elig
2484,bond
2485,quarter
2486,hook
2487,council
2488,capitalist
2489,rm
2490,ratak
2491,mutual
2492,boom
2493,decreas
2494,ximian
2495,commerc
2496,filesystem
2497,transit
2498,born
2499,steal
